iterations,test-AUC-mean,test-AUC-std,test-Logloss-mean,test-Logloss-std,train-Logloss-mean,train-Logloss-std
0,0.7909163753547633,0.03462904019886049,0.6545986333350688,0.0006858562465179127,0.6543276898658752,0.0003846321028140496
1,0.8106253820335381,0.03473804767465762,0.619409330475066,0.0011306316114493677,0.6188854867787886,0.0006967932255395503
2,0.8178792592451278,0.03252911957184545,0.593581154869889,0.0012540764231065598,0.592980881275535,0.0006588342387766664
3,0.8181923878503211,0.034338916926894586,0.5647129122182113,0.001803056511756425,0.5640061724862281,0.0007520611589593161
4,0.8247052809278985,0.03545134882584678,0.5360478941231093,0.002244775879258928,0.5351571013643152,0.0011256184919589
5,0.8278927828419012,0.03291963091812763,0.5106263904135241,0.0026632405584391832,0.509472886125314,0.0011763143282288902
6,0.8348702353605502,0.032148356659792945,0.489824272668643,0.0027300564192588228,0.48850587164361664,0.0009643131796964167
7,0.8356628011691913,0.03073026925721297,0.4693864164083852,0.0028923008389726786,0.46786508684878647,0.0010883242269966867
8,0.8362182256382255,0.030883252747124702,0.4495312489301269,0.003068055997687646,0.44777143495426774,0.001166601165551498
9,0.8352493291089444,0.030930926767682956,0.4325931021035861,0.003200192099915955,0.43069670192324877,0.0012087540969618448
10,0.8350964821551361,0.03136239482226591,0.4193765466405807,0.0033558972958110172,0.41736204255323034,0.0011508129989949122
11,0.8345183250171486,0.032381374379719705,0.4044182249851616,0.003551052741950304,0.40217513583190545,0.001273172594501067
12,0.8358051925435085,0.031636416165304965,0.39139510774853187,0.0036219800539011,0.3890009503410805,0.001301172616415831
13,0.836920107673911,0.03115623935184804,0.3814833389953701,0.003564380175296855,0.37887225167884425,0.0014844645374897168
14,0.8364639338306477,0.03161301244468099,0.370087853636737,0.003745075659860214,0.36732829769819714,0.001546520615741333
15,0.8366628636235516,0.031599814229955725,0.36064011046703304,0.003262424557578297,0.35759856172265214,0.0022212754513283852
16,0.837510193859673,0.03171610487289487,0.35071426674596096,0.003394831581830386,0.34751434437612333,0.002214262357160692
17,0.8392912768167463,0.031224009675084714,0.3408803690344949,0.0035640477548854257,0.33750063378288975,0.002146421160618885
18,0.839570159904917,0.03147591444430364,0.3345305152012398,0.00355069501960128,0.3310469667782209,0.0020586853397962512
19,0.8398899889837118,0.031245259260406878,0.3285824776412856,0.003583603633437866,0.3248783159760368,0.0019999062681574737
20,0.839796976960735,0.03134226201881216,0.3227273820454725,0.003465496461821807,0.3188105395949279,0.0020891129129820894
21,0.8400301236826433,0.031226531434656875,0.3163136211731251,0.003626067872189664,0.31228306369442194,0.0020562321443152788
22,0.8414879303340402,0.030967451876252192,0.31106960448532495,0.0035838782298324096,0.3067989292169468,0.00195765377741904
23,0.841132073310165,0.030741626736049067,0.30560200926037406,0.0034909659146334184,0.301025696552152,0.002454139999025929
24,0.8419136561252465,0.030279528864613135,0.30087959190929026,0.0035743999114471376,0.2962577754851133,0.0019951032807934053
25,0.841718252699225,0.03064695251604376,0.2958424770334681,0.0038313886904866937,0.2910654303101469,0.0016773821212397225
26,0.8415410549597813,0.03094440370396691,0.29073417713900784,0.004096472177991259,0.28579627996599605,0.0016293615541388914
27,0.8417456030652156,0.030729555076853227,0.2864780851025879,0.004207893620248834,0.28133630000647336,0.0017796781096730133
28,0.841281278080755,0.03044979014062424,0.28211306009559817,0.004358603077822769,0.2766453180582332,0.0017463607044309933
29,0.8418966257548421,0.030340665996175818,0.27808159349779443,0.004397699691186416,0.2725097012603504,0.001741855713614453
30,0.8419449544267946,0.030551136900872092,0.2748828797262999,0.004553688458006076,0.269066486842801,0.0017192746466156393
31,0.8420470223668748,0.030628627144093017,0.2717004798640777,0.00466214758218005,0.26558861062974687,0.0018705856740842304
32,0.8423683870405968,0.03063779494551174,0.26874720128066854,0.004686206978926185,0.2624513806062611,0.0018100988552554442
33,0.8422907282475445,0.03065499307719079,0.2658982968281714,0.0049675016720970465,0.25939747009193653,0.0017198355562466753
34,0.8423576861968292,0.030839809643728466,0.26350839507739926,0.005065337498096886,0.2567789421090905,0.0016704791790433117
35,0.8421687092177977,0.030704501828932196,0.26143758067719164,0.005008845683755144,0.25434728965590986,0.0018406472692650306
36,0.8420392702028454,0.031149564551064157,0.25899565541055625,0.005238445354942289,0.25157592632671333,0.001918974346790112
37,0.8428898507571585,0.031278188408491364,0.2568645345325891,0.005395091390406098,0.2492671253660808,0.0018927622163531065
38,0.8433097252086244,0.030635679370123087,0.25505016640410083,0.005389906158513564,0.24718648389441483,0.0018286973261297849
39,0.8435443741262875,0.030926242417611792,0.253222407415328,0.005594659657783178,0.24512929122946706,0.0019493713819278956
40,0.8432746701626048,0.030905047010069842,0.2514753229817802,0.005731117815116196,0.24318241304556715,0.0018083257327088766
41,0.8439557511031767,0.030098275430841197,0.24984376555747018,0.005745904369456305,0.2413909107848465,0.0018628655710913994
42,0.8444388846327605,0.030106456725695667,0.2483747497639998,0.00591775962102848,0.2396653054093918,0.001887734114761623
43,0.8448201213320109,0.02981368871390975,0.2469906118866949,0.006004580869694467,0.238140370783477,0.001773466448260888
44,0.845106396514638,0.02957392960779386,0.2455362217180131,0.006138367526872636,0.23651453351214236,0.0017316980286833448
45,0.8453759556556053,0.0297888728089153,0.24431181238714367,0.00633566453830846,0.23503308456789074,0.0017015480795251963
46,0.8454656340367771,0.029861616017840088,0.24319851888995178,0.006543660921194224,0.2336871044178114,0.0016863536407223172
47,0.8457439225639005,0.029222463638060872,0.24213179171347451,0.006649212277639691,0.23238789120967634,0.0015364018260422743
48,0.8459371528124671,0.02882528305033611,0.24118103520724815,0.00667734154891956,0.2311326476287606,0.0015069538932261934
49,0.8463209170411418,0.028494440243994307,0.24009396870420202,0.0067783834213959605,0.2298531801021147,0.0015284030768022577
50,0.8463628391382629,0.028645099675308146,0.23930465333789736,0.0068834456358207174,0.22877775127668318,0.00150835528056894
51,0.8467924860201803,0.028404854258568972,0.23843334488188922,0.006925351419245373,0.22776727656590734,0.001458877519150139
52,0.8469340570926984,0.028219068571805905,0.2376516586449795,0.006919003403612919,0.22671728856309947,0.001494439805809741
53,0.8470434323393572,0.02841476881255772,0.23686627663611773,0.006955555970783216,0.2256338517032209,0.0015684221921650288
54,0.8473183649818032,0.028204266862328315,0.2360288591940413,0.007124430821912049,0.2245335954340247,0.001481843579873197
55,0.8477144949925227,0.02813406210328463,0.23526370496302573,0.0072360250975717815,0.22353323071895542,0.001447326708382957
56,0.8479699816467713,0.028191720502592756,0.2343774635285946,0.007361399916420967,0.22241317530881227,0.001412914723529283
57,0.8480220955814863,0.0283995983020521,0.2337232854337456,0.0073560383153330276,0.22152063073345304,0.0014653748601428543
58,0.8483404424064116,0.02837157838921879,0.23307153314860374,0.007357934472798874,0.2207142459911174,0.001500031423188819
59,0.848693543893987,0.02859050425235433,0.23248344155928305,0.007512010484346864,0.21998798727900232,0.0014098720274229946
60,0.8486407488671756,0.028413113974075015,0.23194756518436316,0.007552746173830483,0.21914563851931418,0.0014731086544270207
61,0.8486975923756956,0.02812111004648972,0.23145754981770073,0.0076633274244724625,0.2183507792385125,0.0014610923988936195
62,0.8488992172517001,0.028065278180394462,0.23090835706355203,0.007761551128005055,0.21761001980871714,0.0014469231971518666
63,0.8492605110890551,0.028246463901431273,0.23046872073957164,0.007964295987574583,0.21702890496281801,0.0013891269518100532
64,0.8494978011909462,0.0280213095341087,0.229938927794504,0.008012174490212264,0.21629422559479475,0.0013351060170689794
65,0.8497136210637855,0.02802756518249092,0.2295181551903938,0.008121841779679295,0.21561223169076751,0.0013784868971312293
66,0.8497401892337134,0.028149610134687076,0.22916372697946477,0.008209717801022077,0.21499672775524492,0.0013439327855312236
67,0.8500599853316972,0.028020794348457116,0.22875309383361517,0.008286008431224116,0.2143518601241839,0.001352252074767629
68,0.8502031504302623,0.027767651071157386,0.22843730947000102,0.008205002610953702,0.21375478089874064,0.0013352591251877218
69,0.8500461406426731,0.027439410074759737,0.22810750999933158,0.008284213238783514,0.21309439455039408,0.0013089477913623127
70,0.8505358206191959,0.0272355924778833,0.22771519192112052,0.008245340534095041,0.2125046812372235,0.0013029049407549775
71,0.850733068878827,0.02704532967274035,0.22738340469490043,0.008360461548024048,0.21192369039946,0.0012426387703687871
72,0.8511375292985349,0.026999109322004302,0.22693324408925503,0.008488150499493996,0.21133501629423987,0.0011608990343719497
73,0.8513466348918517,0.02685985141868677,0.2265205445525223,0.00851798012487918,0.21073762129048812,0.0011880767431023892
74,0.8513806690667215,0.026900315272295368,0.22631548899311724,0.00853924694339238,0.21025044584890362,0.001204661199519486
75,0.8513392643429991,0.02698570826967544,0.22605863682013627,0.008514979428179597,0.20976688852517072,0.0013081894550928165
76,0.8516855332245482,0.027034418099271786,0.22577478378492324,0.008560008645040494,0.2092494166202546,0.0013186944033886897
77,0.8518295587527278,0.026999545946762054,0.22548713109291785,0.008609332248371862,0.20873824375257682,0.0013471503074104195
78,0.8521469102265392,0.026561051870253562,0.22518645256681052,0.008442263859704327,0.20824258912457644,0.0013591725376055975
79,0.8523633256366022,0.026576498871419132,0.2249595076702839,0.008493312022699052,0.20775433980357874,0.0013685271554312907
80,0.8528470950055421,0.02657213699643078,0.22468080276322336,0.00855370640528008,0.20729419317861947,0.0013424536113871368
81,0.8527583263508843,0.026587545010037454,0.22443065144123225,0.008682239588169247,0.20675890156714857,0.0012758633411670327
82,0.8528140716611523,0.026612705956635327,0.22415732578061415,0.008747314423158611,0.20627735530650773,0.0012401854664506008
83,0.8530439804762524,0.026306742358707027,0.22392249960468646,0.008777728119826632,0.20587286137580643,0.001239989647566155
84,0.8534889121163047,0.0261768112432234,0.22375129869696625,0.008770250262157758,0.20548957834279866,0.001245696479342278
85,0.8536050065233673,0.0260631684357084,0.2235001985925334,0.008854281910589918,0.20496859851820687,0.0012111892958509354
86,0.8538200318584872,0.02582398442111497,0.2232299719300664,0.008846184618190407,0.2045381943017392,0.0011735053972458222
87,0.8541316604294584,0.025760075232729863,0.2229966990040791,0.008893164975932205,0.20412622077231157,0.0011876956530046379
88,0.8542577270344642,0.025491970793796448,0.2228244721292183,0.008859575289186381,0.20379762967683018,0.0011923921075061433
89,0.8543874094659307,0.0255305137113451,0.22265817055513254,0.008981437014510398,0.20338214032484836,0.001212251823716889
90,0.8548617337720883,0.025467620693006638,0.22240013232734604,0.00900161528272914,0.20301899064600776,0.0011804843051861406
91,0.854787897824583,0.025823605961724273,0.2222725605464692,0.009104405393913861,0.20263760917766346,0.0012024437874002742
92,0.8546811652961432,0.02599441036380568,0.22213267591039726,0.00917877961419759,0.2022112174843255,0.0012354148844891436
93,0.8549518463424992,0.02602536786034068,0.22195169400237233,0.009241718217863857,0.20180848190162443,0.0012254825599561025
94,0.8548121965939706,0.026199378799214308,0.2218660140527408,0.009309633773444709,0.2014708029923824,0.001239790911038494
95,0.8547127154511573,0.02633497496035756,0.2218017395923781,0.009398056809556493,0.20114365052493163,0.0013034521042617306
96,0.8547838164317904,0.026346323095809702,0.22164966338599515,0.009439953421694272,0.20077132777203693,0.0012815794746312368
97,0.8548124721545733,0.02634168722150096,0.22160817965436955,0.00945851320097965,0.20042526932101987,0.0012679283114154646
98,0.854803064953483,0.026510660377526942,0.22144298299771975,0.009552059441972162,0.20006787041332572,0.0012226202340979329
99,0.8549113347502951,0.02635018780404883,0.22136275041939854,0.00958889946426268,0.19969163693127628,0.0012102703254869994
100,0.8549740238112253,0.026216737346202303,0.2212992235256453,0.009587021058455268,0.19937004693786223,0.0012173569475236895
101,0.8551649007778229,0.026143670999766222,0.2211197230634545,0.009555832132308838,0.1990171032123956,0.0012407872826167299
102,0.8550458074876733,0.02617986118335253,0.22107669495275545,0.009587249193591538,0.19873192525680036,0.0012555740455049871
103,0.8550935176822609,0.026214770117665376,0.22097886580246756,0.009640864883871043,0.19844752998458542,0.0012717781078626182
104,0.8551103908185661,0.026102245764229738,0.22090745337238554,0.009638929677886106,0.19816280076954865,0.0013001657450282637
105,0.8553364510589029,0.026059323533693408,0.22079221942606447,0.009688276935889908,0.1978104282021769,0.0013212831526469443
106,0.8553705205852975,0.026255261021520874,0.2206487755678641,0.009822807056655189,0.1975248863318358,0.001276676803922236
107,0.8554699992876703,0.026102452492859095,0.220529912635386,0.009848109910658416,0.19718055409163132,0.0013026384586639272
108,0.8556889800888499,0.026124072570065097,0.22037547291822643,0.009873764216176752,0.19684347567575838,0.001312979484863816
109,0.8557496967857194,0.026027149941394472,0.22028433899023345,0.009833140076584493,0.19654343127119506,0.0012957979450297908
110,0.855801645398018,0.026035095616423486,0.22016370861304013,0.00986125176131118,0.19625915748385306,0.0012674743003099089
111,0.8558940125868719,0.025960566344683387,0.22009843181658068,0.009807276756963471,0.19595022831717085,0.0012976318428976673
112,0.8559527404641388,0.025835135458365265,0.22000879978049256,0.00984807762432826,0.1956363172928332,0.0012752559395377676
113,0.8559443211533873,0.02575863660071418,0.21995910025716509,0.00989611905470441,0.1953863913943193,0.001276866363562754
114,0.8561244305475999,0.025767644592469652,0.21985599616878004,0.009917501524500627,0.1950770731915893,0.0012813386300401179
115,0.8562612137546466,0.02573723118905957,0.21976820477842582,0.00990838108155908,0.19480331991042127,0.0012290697390620817
116,0.856502266039705,0.0256140079897501,0.21965610208608471,0.009930425082771567,0.19452892792309956,0.0012393664908132416
117,0.856375010033697,0.025621628315454493,0.21959349050959326,0.010012044808020159,0.19425047939823198,0.001220238481094856
118,0.856574598327191,0.02565515759377699,0.21955049880073346,0.01002306086167766,0.19398403080380136,0.0012168278708750632
119,0.8566466830145503,0.02575269085002894,0.21941648399070593,0.010025457797447254,0.19363440191018802,0.0012392131603689975
120,0.856720674313529,0.025710840091361594,0.21930339092178047,0.010044300752051366,0.1933728027135881,0.0012657188853327794
121,0.8567699735835557,0.02583998517224383,0.21920714085813314,0.010137899606139629,0.1930397641053319,0.001280270196113447
122,0.8570362763400933,0.025851042646917864,0.21909977344872705,0.010169660421084423,0.1927461394226097,0.0012782398558973146
123,0.85700024511785,0.025878348443821003,0.21910300985720177,0.010255097262928232,0.19246898308045968,0.0013053194759641118
124,0.8569196884759496,0.026004589041155216,0.21902146109311196,0.010364216305147781,0.19219729078963427,0.0013102028220583874
125,0.8569359010895857,0.026032709621649955,0.21893820613393938,0.010383574166924649,0.1919464364868984,0.0013125144282030037
126,0.8570602445343753,0.025711672669759683,0.21887278377054553,0.01037053193074739,0.19168427524014625,0.001322282534348966
127,0.8572289669723883,0.02569302318286575,0.21879317757879915,0.010397092666266214,0.19144554468810399,0.001320813014008843
128,0.8571472044739439,0.02575890541945282,0.21875251699862827,0.010397466593254343,0.1911722335572951,0.0013501497184229762
129,0.8572029786511374,0.02582727475001567,0.21869301416854586,0.01043838704728882,0.1908776239637643,0.0013607370864088337
130,0.8571817790320804,0.025876611746995563,0.2187000059682711,0.01044922252996961,0.19062177839172179,0.0013832830136207685
131,0.8570463381370687,0.02588372599062675,0.21870155983855227,0.010489985528661445,0.19034888612169842,0.0013527033407392394
132,0.857265867549286,0.025937293151507255,0.2186478445712782,0.010513220061460061,0.19015098559170457,0.0013853515785515846
133,0.8571907551119141,0.026068934667226727,0.21865617553367872,0.010552588125455235,0.18988846203833948,0.0013669687460601888
134,0.8572803899137902,0.025991103386672303,0.21860252753988582,0.01054580410090485,0.18963450192975478,0.0013507898997210156
135,0.8573563305669614,0.02606386415898406,0.21853008338143906,0.010615421411022345,0.1893711995347665,0.0013434689625217826
136,0.8573149570808785,0.025997174632863353,0.2184724229162341,0.01060698302523907,0.18915325353151063,0.0013425372753364615
137,0.8573611554574023,0.02596030546837749,0.2184535004796669,0.010619375761684367,0.18893026903390808,0.0013371768059478818
138,0.8574001395429967,0.025902361021800636,0.2184042139398786,0.010615927395609718,0.18871168532937865,0.0013465441790598926
139,0.8574635285920064,0.025907742726640266,0.2183899156060282,0.010662738195953262,0.18846218548522004,0.0013721615677355788
140,0.8575651729413323,0.025974132592925057,0.2182638237310354,0.01063105471443116,0.1882001299762183,0.0013389775870483976
141,0.8575765681253025,0.025911542382676744,0.21825763304737972,0.010624754049648412,0.1879741914877676,0.0013460746535547935
142,0.857669492989688,0.025811291994474624,0.21818180838808013,0.010618871658811896,0.18776370228411654,0.0013129875638501923
143,0.8576757861188968,0.025715569178327482,0.21816250154833003,0.010655512148799447,0.18751341524413978,0.0012800366759619184
144,0.8575879279577485,0.025593296179525635,0.21811504341074692,0.010669796656601598,0.18728563649785274,0.0012677683999963746
145,0.8577312016907819,0.025393255253422342,0.21807379737307162,0.010667033759293305,0.18707074642678173,0.001279179637264332
146,0.8578820656123181,0.025215789669445262,0.21796822127210375,0.0106168293267842,0.18680573666214606,0.0012826423442432115
147,0.8579169206816657,0.025213946992785584,0.21794290851315937,0.0106494199746676,0.18658076054926254,0.0013120497807445528
148,0.8580828161133338,0.025273077101970645,0.2178780490099445,0.010695930087650627,0.18632504148201942,0.0013382156785352627
149,0.8580515283405434,0.025257742468887144,0.21787304609859476,0.010758796942483604,0.18610643364337462,0.0013520602160170935
150,0.8578803407786573,0.025193621993220134,0.21786931031122342,0.010775277205266179,0.1858730590912247,0.0013335169815719625
151,0.8579886664964216,0.025116812676911456,0.2178450981571995,0.01079951416574104,0.18568254664036404,0.0012993888285545267
152,0.8581524019987403,0.02506811491221618,0.21779779894564602,0.010776682479756206,0.18542340174839414,0.001293186511633793
153,0.858221303584614,0.02506339397878574,0.21774453446085454,0.010823834870681216,0.1852205409095164,0.00131171567480178
154,0.8581657843985953,0.025151150248595495,0.2177398416220479,0.010890936318528553,0.18500892007126307,0.0013472735893467638
155,0.8581259555719332,0.02513273289357573,0.21771595308194694,0.010916364549441688,0.18476051859372036,0.0013403703459645914
156,0.8582376865410011,0.025073074680001216,0.2176400331711327,0.01097745664931617,0.18454661311633097,0.001305598704600731
157,0.8582572106930231,0.02515796572043685,0.21761338764633992,0.011004539506645174,0.18428288657729636,0.0013006407639829522
158,0.8583235797291374,0.025129924792330165,0.2175558689344808,0.010993092179501097,0.18410065063739475,0.0013082762979263545
159,0.8584709092652009,0.02515780048999385,0.21749708863533018,0.011039275279048015,0.183857575962335,0.0013693255172216303
160,0.8584286137109473,0.025180011779532746,0.21744248565695146,0.01111164390276692,0.18360836057521202,0.0013919330874600292
161,0.8584665910102203,0.025313677569781968,0.2174221216328716,0.011182253353116154,0.18338968088643628,0.0013985160335662826
162,0.8583664057654419,0.0253752369627853,0.21745560924238486,0.011154292342897132,0.1831897788440061,0.0013985299292157299
163,0.8585741230269877,0.025259962684630734,0.21738279045583334,0.011108765362780694,0.18298532516950036,0.001409852954689381
164,0.8585767032699282,0.0252004003527658,0.2173776940498481,0.011095430751344436,0.18278874428168085,0.0013992154044105908
165,0.8584595708389052,0.025144465966340266,0.21741325253632407,0.011100745588859205,0.18257075302337125,0.001403559004326722
166,0.8585621915736358,0.025070494790806346,0.21734020029747253,0.011090412223147562,0.18238725332649253,0.001398263369890593
167,0.8586628177014329,0.024915957392285616,0.21732357799107466,0.011054291374512203,0.1821766430815189,0.0014089582171827588
168,0.8587333963580595,0.02500598064875556,0.2172812203493018,0.011107327262718023,0.1819311606571909,0.0013817017187057472
169,0.858627283213434,0.02507213690454683,0.21727711556796603,0.011136671077267637,0.1816910707925939,0.0014164102680044677
170,0.8588117798922312,0.02508849814013902,0.2172247336805912,0.011183382151338076,0.18151683833051663,0.0013790668496173203
171,0.8589679301566552,0.02504583296535693,0.2171321026534438,0.011180675039303723,0.18131925975884788,0.0013734203602211057
172,0.8589564658733533,0.025130373536615087,0.2171398007285949,0.011250426895475632,0.18111804569835868,0.001393753078833971
173,0.8590360100113289,0.02520021051613084,0.21712735212882434,0.011258552391380893,0.18091113607656495,0.0013927046920569441
174,0.8590165302753248,0.025175950858794278,0.21709419534378513,0.011272285232394314,0.18069114156218286,0.0013997814700202286
175,0.8591650113506983,0.025358941854397216,0.21703579473833273,0.011337169088794381,0.18045517732480193,0.0013929268809055595
176,0.859111388875083,0.02533934361266193,0.2169768461650355,0.011397284286535029,0.18023491602664543,0.0013708407668226784
177,0.8591697186119042,0.025285964928113816,0.2169865583457613,0.011369837866126237,0.18006037974216543,0.0013576136174142798
178,0.8591554043123896,0.025114415134950475,0.21696668553615014,0.011331688821107735,0.17989491263485452,0.00135486625776228
179,0.859123957771509,0.025211757179918505,0.21696263040260955,0.01140838532693648,0.17971577411020484,0.0013780044855716813
180,0.8591756884176022,0.025302341996788918,0.21692500234362325,0.011507911389922559,0.17948904435893384,0.001356588854475086
181,0.8592174262963244,0.025254015695570772,0.21686780690055868,0.011498467286187173,0.179298847777612,0.0013576270994097837
182,0.8590936849430841,0.025160292183738487,0.21686727840848413,0.011437359067215632,0.17914184814517237,0.001373104345199807
183,0.8591352410438482,0.02517100118232938,0.21683100341320402,0.011462265568817982,0.17894546228180794,0.0013936896309335689
184,0.8591751019448722,0.025202337836841275,0.2167703459462237,0.011488892861695613,0.17876961204012157,0.0013517787002612753
185,0.8590416079636121,0.025301481749938043,0.21676256756612142,0.011554873904538496,0.17856501314512135,0.0013843104742320826
186,0.8590626808889406,0.025271059146650614,0.21675546216704555,0.011590453790793587,0.17842713523251658,0.0013730132137421789
187,0.859109849863539,0.02525929176024268,0.2167400403768402,0.011595971975090052,0.17828135011237295,0.0013621404778587163
188,0.8590863513494744,0.025191875753225772,0.21672357724224853,0.011581772736396802,0.1780559382104731,0.0013608008211696
189,0.8591791676491184,0.02532579153894328,0.21666559099832933,0.01166070828367561,0.17788604280888898,0.0013092904534189426
190,0.8590512536306084,0.025432081103016275,0.2167049427211744,0.011726318571189423,0.17771664628977646,0.0013186412867037306
191,0.8591361079580621,0.025554863842063968,0.21665040782642922,0.011776912760893222,0.17750874267704725,0.0013248259877470536
192,0.859123793983084,0.025501540317295193,0.2166697382709374,0.011778279769105606,0.17731257461128785,0.0013418412574533979
193,0.8591168947181671,0.025544036519612835,0.21668676088301986,0.011798840214469256,0.1771381449250462,0.0013655647562862531
194,0.8592441745707656,0.02539448294358951,0.2166238526461401,0.011801894811357511,0.1769466834559949,0.0013416887604582562
195,0.8592415828228906,0.025290368579918853,0.21661821161635855,0.011800243366691963,0.17676140791153538,0.001348481886713948
196,0.8592439763372651,0.025325908529315953,0.21661212025297574,0.011808720748353761,0.17655980789452103,0.001348628116445704
197,0.8591937953012009,0.025302884805774185,0.21661095644888834,0.011815247383861522,0.17642281121660894,0.0013613059325246462
198,0.8592869965629115,0.025221707108516272,0.21660465552109592,0.011817469986903268,0.17624875836465637,0.0013592548651402876
199,0.8592210914196843,0.025322198041942055,0.21660214174776032,0.011853278452279,0.17608655090110661,0.0013520602738158777
200,0.8592431998588058,0.02533814093695605,0.21659804033349955,0.01185614447071052,0.17592018407770085,0.0013421657927856017
201,0.8591455899063603,0.025182776770335924,0.21662249442455198,0.011835694846990125,0.17573580597563657,0.0013420078997201398
202,0.8592532806214906,0.02513775361066509,0.21662051918539388,0.011814307350792459,0.1755164874687518,0.001345039329062348
203,0.8591235431057944,0.025293706532795494,0.21663586417378383,0.011918308128526121,0.17532677445043443,0.0013611065380955685
204,0.8591606872386601,0.02520144085238123,0.21661669666728703,0.01192991364226592,0.175164447516842,0.0013313708271856304
205,0.8591122120705474,0.025184802673973106,0.21662115244259036,0.011889539420034649,0.17500372033029493,0.0013363780296126182
206,0.8593297814603608,0.025027372737300907,0.2165728809016807,0.011856168847592604,0.17479819138775837,0.001352959604685491
207,0.8592962284706424,0.025019016159572006,0.21656060384563752,0.011852838719929282,0.17457631329274542,0.0013565383004356308
208,0.8592771205183262,0.025009610969365166,0.2165621450253762,0.011858360749361673,0.1743917874256513,0.0013246269649567128
209,0.8594299938288928,0.024938787852078335,0.21653081621165504,0.011872969785265527,0.1742152642757963,0.0013353498410906368
210,0.8593852742896212,0.025014445139050736,0.21652945301560494,0.011880918620991892,0.17403316841561117,0.001355668391844489
211,0.8593607640386273,0.025096673186950403,0.2165396833826395,0.011900947214268837,0.17389540111446472,0.0013510655847908373
212,0.8593681239192683,0.025152436940080635,0.21653445225178874,0.01191393632092748,0.17375799267365372,0.001362084498624198
213,0.8594366973007499,0.025137727196417027,0.21649244519315253,0.011878851305940694,0.17359742506306503,0.0013501548984836754
214,0.8594639498399378,0.025100200604771864,0.21649354044925104,0.011861518474830744,0.1734322450173617,0.001343125410747246
215,0.8595251978555807,0.025267289290462177,0.2164533481075829,0.011880415841260001,0.17324663279588154,0.0013508855135944224
216,0.8595168756046366,0.02525144975161882,0.21647755963992266,0.011887874690012734,0.17306961289173406,0.0013454945962656727
217,0.8594942736387068,0.025150095515319562,0.21647386095637514,0.011885505959110212,0.17289805868906388,0.0013466842408561043
218,0.8595522554384312,0.025195680988064142,0.21645637051962002,0.011915930351641681,0.17275691477314833,0.0013371367811302083
219,0.8597056346174625,0.025133371948759094,0.21643556458432234,0.011908037459541597,0.1725727263537789,0.0013549889514660695
220,0.859642669159207,0.025165730119256303,0.21642072618711952,0.011933097408490797,0.1724247997607366,0.00134323830560527
221,0.8596844029240438,0.02510293830765056,0.21641606644487857,0.011940955025954183,0.17226414945026441,0.0013552660746866466
222,0.8597530289493147,0.02513690489942684,0.21640417638403084,0.011943623960750395,0.17211523671459766,0.0013493092334122883
223,0.8596376254658384,0.02512903373938411,0.2164671650676139,0.01196752505081372,0.17194904110501685,0.0013561083051815935
224,0.8598028571674009,0.02510241305246044,0.21643298961098156,0.011945353511244138,0.17173010366794092,0.001336948634695421
225,0.8597910811352494,0.025177063107375247,0.2164087344066478,0.011955089551633569,0.1715690652117556,0.0013185209953928691
226,0.8598733116404663,0.025030964898442823,0.21640144187656757,0.01193916879635107,0.17143397735022664,0.0013211161820015876
227,0.8599757176861544,0.025032460431260506,0.2163665511467167,0.011962159285139405,0.17129489513773505,0.0013306756585481807
228,0.8598192926978504,0.025160502100615885,0.2163795011464432,0.01199573802906982,0.17108423180784754,0.00128633604272577
229,0.8598688601374311,0.02513980359082462,0.2163859429167465,0.012020429552618731,0.17093029756846778,0.0012773112074077803
230,0.8598397240662192,0.025152430694122062,0.21634246395140014,0.012005937033674982,0.17077109503877247,0.001264768073900668
231,0.8599215005100381,0.025191079118186105,0.21629767770554392,0.012010599211742192,0.17063983573914424,0.0012402888344287323
232,0.8599736917718552,0.02521991688979871,0.21627560205453644,0.012033575400838152,0.17048930712577484,0.0012542614608943895
233,0.8599022954979143,0.025122494632683023,0.21632290401943238,0.012047305219916883,0.17033630757830184,0.0012526018512911145
234,0.8599422863698297,0.02509482997557462,0.2163322753062274,0.01204963766688961,0.1701882490939251,0.0012577807630566437
235,0.8598207493619574,0.02511156639795635,0.21638143366443924,0.012054244687585432,0.16998678080938082,0.0012508352806778725
236,0.8597462077784958,0.025267015651057195,0.21637615834003882,0.01211194029544387,0.16979228658845522,0.001245666185524508
237,0.859719549939809,0.025182930490397094,0.21637723956765403,0.012102713184502623,0.1696237543206342,0.0012447329030843123
238,0.8596221719686703,0.02524302558536835,0.21639863828049416,0.012127489859186892,0.1694484913451025,0.0012673434654875508
239,0.8596981940628293,0.025289030721716885,0.21641351266066708,0.012176891117624163,0.169298921681034,0.0012441466268902311
240,0.8596712170842441,0.025238200425808162,0.21642507877236014,0.012185970604635072,0.1691212789304007,0.001256805981974158
241,0.8596920917760723,0.025296443429149038,0.2164155565493559,0.012201245692910772,0.1689793309485637,0.0012825085327841225
242,0.8596838048766531,0.025458624263882342,0.21638952269330836,0.012232452220378756,0.16881116647583258,0.0012750063536206033
243,0.8597391982056655,0.02544001873442012,0.21635960546726998,0.012219497879332412,0.1686419511903013,0.0012789725319456218
244,0.8596461992913408,0.025447819896094532,0.216382144824559,0.01224741545173346,0.16847284129983017,0.0012673842402432535
245,0.8597495792122659,0.025472528951844858,0.2163705054375739,0.012274307113474483,0.16830044527299504,0.0012699385439084948
246,0.8597654521863027,0.025369439894737476,0.21636465403633073,0.0122511656121786,0.16816789141830069,0.0012688836189987454
247,0.8597573725848772,0.025434357140476864,0.21638428522796013,0.0122587851097419,0.1680044464968819,0.0012863143416603805
248,0.8597202810958008,0.025494476059689585,0.21643587371059297,0.012263032531856058,0.1678445760385404,0.0013068530694452516
249,0.859757149668064,0.02558077266893194,0.2164212477473652,0.012309193851416243,0.1676751237803807,0.0013050693374500417
250,0.8597701915218707,0.025552604903244226,0.21641365814832075,0.012333722888027957,0.16753595280283415,0.001281686802259443
251,0.8597724764715033,0.025541620636145086,0.21641907079112124,0.012361584165731368,0.1673924453584761,0.0012999434666362323
252,0.8597042831014804,0.025470497963161306,0.21645263337636114,0.01235966691325923,0.167246845658572,0.0012927461012588062
253,0.8595912607907217,0.02551199496936609,0.21650335052804653,0.012369259648886369,0.16709939019998282,0.001276307819824414
254,0.859639238318141,0.02548289650686878,0.21648214929659507,0.012399300113070857,0.16693630028937476,0.001291242144876897
255,0.85975778216053,0.02559039405868032,0.21647967247898423,0.012421374841677013,0.166756767468007,0.0012892181685981723
256,0.8596672902759293,0.02576884010332398,0.21652448599380456,0.01250148095574673,0.1666021787368845,0.0012852026624144033
257,0.8595962254835431,0.025769749884397553,0.21653969228860234,0.012502825537088367,0.16644170002657174,0.001285625674858831
258,0.8595749831219133,0.02573983975743051,0.21652168931652324,0.012478445647207221,0.16626690071319078,0.0013141057330676817
259,0.8596338672571028,0.025688263153288458,0.21648157862898948,0.012473233431709552,0.16611064199160028,0.001296621213166819
260,0.85965772360948,0.02556789615263634,0.21650404852132293,0.012479159631100233,0.16593172115965657,0.0013046719793127826
261,0.8595891535051615,0.025556144551332576,0.2164968506967838,0.012446575598192578,0.16576310076047668,0.0013162614034107156
262,0.8596054829810369,0.02557873353975125,0.21652835313999103,0.01247530902563424,0.16560683889725986,0.0013051591642972574
263,0.8595600124833414,0.025594384065637157,0.2165604265384926,0.012510570802489056,0.1654653305680474,0.0012955582082272747
264,0.8595050912749873,0.025525036229775484,0.21658931835468817,0.012486492469738954,0.16530670801875702,0.0012770104763592954
265,0.8595123022887539,0.025581687073620255,0.21656986270738493,0.012506279338903465,0.16517364375791108,0.0012681714797555077
266,0.8593830739186854,0.025530698874183817,0.21657286818560947,0.012545706746953999,0.16497872506745886,0.001249250079382014
267,0.8594593551179048,0.025387196018642373,0.21656465083272622,0.012537328220468756,0.16481537496653903,0.0012488339293961405
268,0.8594486508575205,0.025300855372806297,0.21660901460611828,0.012510184509552399,0.16468975258825322,0.0012255594158539936
269,0.8593789941993377,0.025372558044118254,0.2166480899007417,0.012551110498166299,0.16456641881482872,0.0012360494404729525
270,0.8594533219304793,0.025417028318088678,0.21666006565477006,0.012493707337166085,0.16441152416716,0.0012298136653621917
271,0.859419033601157,0.025160642890910634,0.2166427128671303,0.012400841019455176,0.1642645405172795,0.0012135021543756396
272,0.8593103040253436,0.025170090612353035,0.2166329655727232,0.0123836011958756,0.1641180192965796,0.0012115357390964636
273,0.8593737366536489,0.025180450847925747,0.21662560118652935,0.012406187583206494,0.16395625847057801,0.0011951539914310688
274,0.8594204935424269,0.02523792612981578,0.2166473024762105,0.0124502663835057,0.1637650226148714,0.0012333844681014173
275,0.8593014314899167,0.025265876350609107,0.21669857826022626,0.012493240540300564,0.16360417221030027,0.0012440328632465551
276,0.859380770003343,0.025269261129077396,0.21668357370075136,0.012493589424395104,0.1634496911078349,0.001275012702749349
277,0.8592271473380706,0.025304602267066753,0.21674194370620659,0.012494165130011645,0.16331129183969004,0.0012953105821514742
278,0.8591613927351627,0.025274570853041925,0.2167668866299845,0.012484147132319018,0.1631767245142351,0.0013007411134872797
279,0.8591926484335914,0.025324551484487534,0.2167874223787559,0.012504939680003832,0.16303460682449952,0.00130294930390537
280,0.8591953701523577,0.025337901299626805,0.21680685410511438,0.012521451911712334,0.16291026222221813,0.0013184504105648196
281,0.859181665335441,0.025252869385967835,0.21683048437350388,0.01248909160015856,0.16275545574220493,0.0013124464841611579
282,0.8592244700353225,0.025212222126757725,0.21684523474558737,0.012499937147724852,0.16260289712151105,0.0013300460121628747
283,0.8591870840896606,0.02521331601172248,0.21683669310194637,0.012526516767798748,0.16247264595849742,0.0013221708292144047
284,0.8591600018234973,0.025235135677216462,0.2168524652098895,0.012558564878531428,0.16231622901744452,0.0013246901419019313
285,0.8591513522048837,0.02526234256026965,0.21685306879807215,0.012586455914414806,0.1621735736577303,0.0013179497127793487
286,0.8590669584931543,0.025322618417689912,0.21688450222289685,0.0125898210657175,0.16206010700149093,0.001318002234535958
287,0.8589813079545363,0.025322305431565467,0.21689844232102332,0.012604635807515448,0.16189726765745888,0.001315526024731203
288,0.8589893554816005,0.025219966743571295,0.216928588969584,0.012628160681378951,0.16176338377969496,0.0013313786928413017
289,0.8589050020720037,0.0252873435779926,0.21698936004263744,0.012632516513234627,0.16159406255626282,0.0013385412364483621
290,0.8589689734798579,0.025220631714599394,0.2169951964871229,0.012640131587002302,0.16148182957580343,0.001336665663843996
291,0.8589427680291243,0.025201139973071857,0.21702124839686956,0.012632885213872755,0.1613194314006759,0.001342238647540429
292,0.8588814895428378,0.02529556417867444,0.217057062655388,0.012680270290078358,0.16119616900011083,0.0013512057597337374
293,0.8587878276654031,0.025531014340174657,0.21703960722198698,0.012789318860515344,0.16101693519025598,0.0013574912485147643
294,0.8588247126932084,0.025632790551091317,0.21702981775989794,0.012846919613421626,0.16083436039194063,0.001359252273973965
295,0.858734317868415,0.025634616122257717,0.21706449050339463,0.012852511073618147,0.16066845043182976,0.0013841719552451308
296,0.8586016398310244,0.025508668447291185,0.21710337650337883,0.01284767018468791,0.16049914265782408,0.0013946975478841103
297,0.8585421700598271,0.025556369702782147,0.21712974750164787,0.012909255927564575,0.16036462967008044,0.0014032661804284999
298,0.8584947675002039,0.025504763718665384,0.2171323112963665,0.012883309492308698,0.1602165171589958,0.001414766904892187
299,0.8585319757817931,0.025478522336524617,0.21715749590696234,0.012871465699220453,0.16007324772232828,0.0014096121590884787
300,0.8585280490432051,0.025544354551142047,0.21713227784323283,0.012908326325589848,0.1599491189471877,0.0014061100726489
301,0.8585232003061736,0.025565950926751867,0.21714134120171463,0.012941897387885643,0.15981784190117615,0.0014018260696766565
302,0.858514477474343,0.025604586737595435,0.2171087757020443,0.01292648457108881,0.1596855670561689,0.0014127989873926458
303,0.8585388133384273,0.025585304048672545,0.2171204921641662,0.012917637040743704,0.15951288654422718,0.0014313718127869366
304,0.8585417250629229,0.02564116240542929,0.21711308622554193,0.01295616536063684,0.15938628520558074,0.0014677682233733692
305,0.85856937811327,0.025719244623877095,0.21712736552509565,0.012974177287373073,0.1592365611070077,0.001501735403197777
306,0.8586086977943047,0.0256763510581739,0.21712021106056967,0.012970403059572894,0.15908900535643739,0.001514917389183375
307,0.8585366961516512,0.02559372813499067,0.2171658211368674,0.012961590907762752,0.15892299001161253,0.0015375028275323333
308,0.8586002307903721,0.025573449637256468,0.21716631618162524,0.012957010022925475,0.1587941138147327,0.0015387668941226024
309,0.85861025974599,0.02559591445058561,0.21720329946532563,0.0129826782048813,0.15865456250745982,0.0015486426753732055
310,0.8585439351258939,0.02559312990114771,0.21723290133391276,0.012966324934127848,0.15852152723959761,0.0015356608720614672
311,0.8584456062893862,0.0256513984944485,0.21722849378576173,0.013007683293597956,0.1583810536125156,0.0015261230530717483
312,0.8584792398833698,0.025663241995004225,0.21719737429469793,0.013019707747351124,0.15820790673078886,0.0015444852379252801
313,0.8585244553898901,0.0256880178977887,0.21718205686578332,0.013004896105988172,0.1580947092116877,0.0015561945274765304
314,0.858505109738663,0.025581363234600182,0.2172101201035689,0.01295752160426833,0.15794706680396614,0.0015681406319405344
315,0.8584212301231695,0.025616920471708986,0.2172709371286484,0.012955118780777488,0.1578019338314064,0.0015760125607005909
316,0.8583780980556188,0.02558132052524994,0.21724806707879538,0.012918527798028804,0.15766031576649148,0.0015879343829855379
317,0.8582980965790826,0.025610354964915448,0.21726055544556644,0.012930556442931862,0.1575194780989398,0.0015758218708462138
318,0.8583636858595742,0.025597834682043005,0.21725935909152788,0.01294677284176835,0.15738366648310134,0.001581274470638444
319,0.8583342659999886,0.025524671339881726,0.21725944581418943,0.012963644254458388,0.15722782139376254,0.0015757326940227221
320,0.8583234284915493,0.025467347966439496,0.21727741107483317,0.012934899096639002,0.1571068926659682,0.0015713925169021938
321,0.8583945006749841,0.02548872595939049,0.21729248596833117,0.012951436536084316,0.1569618924827026,0.0015374264424183278
322,0.8583466407767999,0.025456933591916264,0.2173133477794555,0.012966203545931787,0.1568431950326622,0.0015612767628575507
323,0.858282738468277,0.025505277063148903,0.21733677532146545,0.01297038214530419,0.15668973760329102,0.0015802747642176661
324,0.8581711860000041,0.02562861650309856,0.21737058800439088,0.013022576389758365,0.15650915291847023,0.0016187858236474206
325,0.8581875384857476,0.02566643201337594,0.21740884266049904,0.013036031819457892,0.15637658866809473,0.0016244528929131494
326,0.858205667612219,0.02571241716215749,0.21739297661172113,0.01307192526085237,0.15622509575900256,0.0016180104443628744
327,0.858170695750359,0.02563379111423127,0.2174359073265308,0.013035382370293181,0.15607050725543178,0.0016331163396566056
